CREATE TABLE IF NOT EXISTS "public"."Arbitro" (
    "id_arbitro" SERIAL PRIMARY KEY,
    "nombre_arbitro" VARCHAR(255) NOT NULL,
    "apellido_arbitro" VARCHAR(255) NOT NULL,
    "fechaNac_arbitro" TIMESTAMP NOT NULL
);

INSERT INTO "public"."Arbitro" ("id_arbitro", "nombre_arbitro", "apellido_arbitro", "fechaNac_arbitro") VALUES
(1, 'Piero', 'Maza', '1984-10-25 00:00:00');
INSERT INTO "public"."Arbitro" ("id_arbitro", "nombre_arbitro", "apellido_arbitro", "fechaNac_arbitro") VALUES
(2, 'José', 'Cabero', '1984-10-09 00:00:00');
INSERT INTO "public"."Arbitro" ("id_arbitro", "nombre_arbitro", "apellido_arbitro", "fechaNac_arbitro") VALUES
(3, 'Francisco', 'Gilabert', '1982-04-30 00:00:00');
INSERT INTO "public"."Arbitro" ("id_arbitro", "nombre_arbitro", "apellido_arbitro", "fechaNac_arbitro") VALUES
(4, 'Felipe', 'González Alveal', '1980-03-16 00:00:00'),
(5, 'Nicolás', 'Gamboa', '1987-12-02 00:00:00'),
(6, 'Cristian', 'Garay', '1989-04-08 00:00:00'),
(7, 'Fernando', 'Véjar', '1989-07-12 00:00:00'),
(8, 'Manuel', 'Vergara', '1990-07-13 00:00:00'),
(9, 'Juan', 'Sepúlveda', '1989-08-28 00:00:00'),
(10, 'Diego', 'Flores Seguel', '1990-01-02 00:00:00'),
(11, 'Héctor', 'Jona', '1982-06-03 00:00:00'),
(12, 'Matías', 'Quila', '1992-11-25 00:00:00'),
(13, 'Benjamín', 'Saravia', '1987-08-24 00:00:00'),
(14, 'Gustavo', 'Ahumada', '1985-02-25 00:00:00'),
(15, 'Juan', 'Lara', '1989-04-05 00:00:00'),
(16, 'Rodrigo', 'Carvajal', '1986-06-01 00:00:00'),
(17, 'Nicolás', 'Millas', '1990-01-30 00:00:00'),
(18, 'Miguel', 'Araos', '1988-02-16 00:00:00'),
(19, 'Víctor', 'Abarzúa', '1987-06-10 00:00:00'),
(20, 'Alan', 'Sandoval', '1986-05-04 00:00:00'),
(21, 'Miguel', 'Rocha', '1980-06-24 00:00:00'),
(22, 'Juan', 'Serrano', '1982-09-27 00:00:00'),
(23, 'José', 'Retamal', '1981-06-25 00:00:00'),
(24, 'Claudio', 'Urrutia', '1981-12-11 00:00:00'),
(25, 'Alejandro', 'Molina', '1987-10-30 00:00:00'),
(26, 'Edson', 'Cisternas', '1983-02-11 00:00:00'),
(27, 'Gabriel', 'Ureta', '1988-05-31 00:00:00'),
(28, 'Julio', 'Abdala', '1984-10-24 00:00:00'),
(29, 'Eric', 'Pizarro', '1988-04-13 00:00:00'),
(30, 'Carlos', 'Poblete Barrales', '1980-09-24 00:00:00'),
(31, 'Víctor', 'Pasmiño', '1984-08-13 00:00:00'),
(32, 'Manuel', 'Marín', '1984-02-01 00:00:00'),
(33, 'Fabián', 'Aedo', '1992-05-19 00:00:00'),
(34, 'Carlos', 'Poblete Roa', '1987-06-14 00:00:00'),
(35, 'Carlos', 'Venegas', '1984-03-18 00:00:00'),
(36, 'Luis', 'Jarpa', '1985-08-24 00:00:00'),
(37, 'Manuel', 'Requena', '1979-03-04 00:00:00'),
(38, 'Mario', 'Lagos', '1984-06-13 00:00:00'),
(39, 'Sebastián', 'Pérez', '1986-09-14 00:00:00'),
(40, 'Víctor', 'Lara', '1982-12-10 00:00:00'),
(41, 'Wladimir', 'Muñoz', '1991-04-04 00:00:00'),
(42, 'María Belén', 'Carvajal', '1983-09-13 00:00:00'),
(43, 'Leslie', 'Vásquez', '1987-01-19 00:00:00'),
(44, 'Loreto', 'Toloza', '1984-01-06 00:00:00'),
(45, 'Cindy', 'Nahuelcoy', '1988-05-02 00:00:00'),
(46, 'Marcia', 'Castillo', '1986-08-30 00:00:00');

CREATE TABLE IF NOT EXISTS "public"."Club" (
    "id_club" SERIAL PRIMARY KEY,
    "nombre_club" VARCHAR(255) NOT NULL,
    "ciudad_club" VARCHAR(255) NOT NULL,
    "estadio_club" VARCHAR(255) NOT NULL,
    "escudo_club" VARCHAR(255) NOT NULL,
    "fechaFund_club" TIMESTAMP NOT NULL,
    "titulosPrimera_club" INTEGER NOT NULL
);

INSERT INTO "public"."Club" ("id_club", "nombre_club", "ciudad_club", "estadio_club", "escudo_club", "fechaFund_club", "titulosPrimera_club") VALUES
(1, 'Audax Italiano', 'La Florida, Santiago', 'Bicentenario de la Florida', 'https://anfpfotos.cl/size/60x60/a/clubes//0761d723a884d13d188a777e009b5fab.png', '1910-11-30 00:00:00', 4);
INSERT INTO "public"."Club" ("id_club", "nombre_club", "ciudad_club", "estadio_club", "escudo_club", "fechaFund_club", "titulosPrimera_club") VALUES
(2, 'Cobreloa', 'Calama', 'Zorros del Desierto', 'https://anfpfotos.cl/size/60x60/a/clubes//1a0ab0b4105e83d27eb9e1808f82f040.png', '1977-01-07 00:00:00', 8);
INSERT INTO "public"."Club" ("id_club", "nombre_club", "ciudad_club", "estadio_club", "escudo_club", "fechaFund_club", "titulosPrimera_club") VALUES
(3, 'Cobresal', 'El Salvador, Atacama', 'El Cobre', 'https://anfpfotos.cl/size/60x60/a/clubes/831340ccfeb595f722e7ae6009c5f7d7.png', '1979-05-05 00:00:00', 1);
INSERT INTO "public"."Club" ("id_club", "nombre_club", "ciudad_club", "estadio_club", "escudo_club", "fechaFund_club", "titulosPrimera_club") VALUES
(4, 'Colo Colo', 'Santiago, Santiago', 'Monumental, David Arellano', 'https://anfpfotos.cl/size/60x60/a/clubes/04331fe9ff4e3caecd72877a6e9669dd.png', '1979-04-19 00:00:00', 33),
(5, 'Coquimbo Unido', 'Coquimbo', 'Municipal Francisco Sánchez Rumoroso', 'https://anfpfotos.cl/size/60x60/a/clubes//c016a84a402cb6399df331159734488f.png', '1958-08-30 00:00:00', 0),
(6, 'Deportes Copiapó', 'Copiapó, Atacama', 'Luis Valenzuela Hermosilla', 'https://anfpfotos.cl/size/60x60/a/clubes/6004aae86c052ca976eca2421f877304.png', '1999-03-09 00:00:00', 0),
(7, 'Deportes Iquique', 'Iquique', 'Tierra de Campeones', 'https://anfpfotos.cl/size/60x60/a/clubes/b3c4cf4f53d5078ec3e37b40135784ca.png', '1999-05-21 00:00:00', 0),
(8, 'Everton ', 'Viña del Mar, Valparaíso', 'Sausalito', 'https://anfpfotos.cl/size/60x60/a/clubes//97702ca6993f502b3478d7608963d392.png', '1999-06-24 00:00:00', 4),
(9, 'Universidad de Chile', 'Santiago', 'Nacional', 'https://anfpfotos.cl/size/60x60/a/clubes/7fbceadc67d0639139019329cede98d7.png', '1927-05-24 00:00:00', 18),
(10, 'Unión Española', 'Santiago', 'Santa Laura', 'https://anfpfotos.cl/size/60x60/a/clubes//a6e9009b32c6c2e399604e0c3841534b.png', '1897-05-18 00:00:00', 7),
(11, 'Universidad Católica', 'Santiago', 'San Carlos de Apoquindo', 'https://anfpfotos.cl/size/60x60/a/clubes/d01105ee6df81f19d3d25c2736c7d6ae.png', '1937-04-21 00:00:00', 16),
(12, 'Palestino', 'La Cisterna, Santiago', 'Municipal de La Cisterna', 'https://anfpfotos.cl/size/60x60/a/clubes/0af91335f25af3f423d2a802717b7a74.png', '1920-08-20 00:00:00', 2),
(13, 'OHiggins', 'Rancagua', 'El Teniente', 'https://anfpfotos.cl/size/60x60/a/clubes//9c27509ed8b5acfedfea1cecbe0014d3.PNG', '1955-04-07 00:00:00', 1),
(14, 'Ñublense', 'Chillán', 'Municipal Nelson Oyarzún', 'https://anfpfotos.cl/size/60x60/a/clubes/378cbcced037ab297f3809a87567f5e0.png', '1916-08-20 00:00:00', 0),
(15, 'Unión La Calera', 'La Calera', 'Municipal Nicolás Chahuán Nazar', 'https://anfpfotos.cl/size/60x60/a/clubes/90123d347a2b296c2988e6aeeab06056.png', '1954-01-26 00:00:00', 0),
(16, 'Huachipato', 'Talcahuano', 'Huachipato-CAP Acero', 'https://anfpfotos.cl/size/60x60/a/clubes//b93bf99aee062db5b3f7e71b8311387c.png', '1947-06-07 00:00:00', 3);

CREATE TABLE IF NOT EXISTS "public"."Entrenador" (
    "id_entrenador" SERIAL PRIMARY KEY,
    "nombre_entrenador" VARCHAR(255) NOT NULL,
    "apellido_entrenador" VARCHAR(255) NOT NULL,
    "nacionalidad_entrenador" VARCHAR(255) NOT NULL,
    "fechaNac_entrenador" TIMESTAMP NOT NULL,
    "clubId" INTEGER NOT NULL,
    FOREIGN KEY ("clubId") REFERENCES "public"."Club"("id_club")
);

INSERT INTO "public"."Entrenador" ("id_entrenador", "nombre_entrenador", "apellido_entrenador", "nacionalidad_entrenador", "fechaNac_entrenador", "clubId") VALUES
(3, 'Francisco', 'Arrué', 'Chile', '1977-08-07 00:00:00', 1);
INSERT INTO "public"."Entrenador" ("id_entrenador", "nombre_entrenador", "apellido_entrenador", "nacionalidad_entrenador", "fechaNac_entrenador", "clubId") VALUES
(4, 'Dalcio', 'Giovagnoli', 'Argentina', '1963-06-05 00:00:00', 2);
INSERT INTO "public"."Entrenador" ("id_entrenador", "nombre_entrenador", "apellido_entrenador", "nacionalidad_entrenador", "fechaNac_entrenador", "clubId") VALUES
(5, 'Gustavo', 'Huerta', 'Chile', '1957-10-15 00:00:00', 3);
INSERT INTO "public"."Entrenador" ("id_entrenador", "nombre_entrenador", "apellido_entrenador", "nacionalidad_entrenador", "fechaNac_entrenador", "clubId") VALUES
(6, 'Jorge', 'Almirón', 'Argentina', '1971-06-19 00:00:00', 4),
(7, 'Fernando', 'Diaz', 'Chile', '1961-12-27 00:00:00', 5),
(8, 'Ivo', 'Basay', 'Chile', '1966-04-13 00:00:00', 6),
(9, 'Miguel', 'Ramírez', 'Chile', '1978-05-21 00:00:00', 7),
(10, 'Esteban', 'Solari', 'Argentina', '1980-06-02 00:00:00', 8),
(11, 'Gustavo', 'Álvarez', 'Argentina', '1972-11-24 00:00:00', 9),
(12, 'Miguel', 'Ponce', 'Chile', '1971-08-19 00:00:00', 10),
(13, 'Tiago', 'Nunes', 'Brasil', '1980-01-15 00:00:00', 11),
(14, 'Lucas', 'Bovaglio', 'Argentina', '1979-04-19 00:00:00', 12),
(15, 'Victor', 'Fuentes', 'Chile', '1972-07-01 00:00:00', 13),
(16, 'Mario', 'Salas', 'Chile', '1967-10-11 00:00:00', 14),
(17, 'Walter', 'Lemma', 'Argentina', '1973-03-06 00:00:00', 15),
(18, 'Igor', 'Oca', 'España', '1981-05-07 00:00:00', 16);

CREATE TABLE IF NOT EXISTS "public"."Jugador" (
    "id_jugador" SERIAL PRIMARY KEY,
    "nombre_jugador" VARCHAR(255) NOT NULL,
    "apellido_jugador" VARCHAR(255) NOT NULL,
    "nacionalidad_jugador" VARCHAR(255) NOT NULL,
    "fechaNac_jugador" TIMESTAMP NOT NULL,
    "precio_jugador" INTEGER NOT NULL,
    "posicion_jugador" VARCHAR(255) NOT NULL,
    "estatura_jugador" INTEGER NOT NULL,
    "clubId" INTEGER NOT NULL,
    FOREIGN KEY ("clubId") REFERENCES "public"."Club"("id_club")
);

INSERT INTO "public"."Jugador" ("id_jugador", "nombre_jugador", "apellido_jugador", "nacionalidad_jugador", "fechaNac_jugador", "precio_jugador", "posicion_jugador", "estatura_jugador", "clubId") VALUES
(2, 'Brayan', 'Cortés', 'Chile', '1995-11-03 00:00:00', 0, 'PORTERO', 186, 4);
INSERT INTO "public"."Jugador" ("id_jugador", "nombre_jugador", "apellido_jugador", "nacionalidad_jugador", "fechaNac_jugador", "precio_jugador", "posicion_jugador", "estatura_jugador", "clubId") VALUES
(3, 'Fernando', 'de Paul', 'Argentina', '1991-04-25 00:00:00', 0, 'PORTERO', 183, 4);
INSERT INTO "public"."Jugador" ("id_jugador", "nombre_jugador", "apellido_jugador", "nacionalidad_jugador", "fechaNac_jugador", "precio_jugador", "posicion_jugador", "estatura_jugador", "clubId") VALUES
(4, 'Eduardo', 'Villanueva', 'Chile', '2004-10-11 00:00:00', 0, 'PORTERO', 187, 4);
INSERT INTO "public"."Jugador" ("id_jugador", "nombre_jugador", "apellido_jugador", "nacionalidad_jugador", "fechaNac_jugador", "precio_jugador", "posicion_jugador", "estatura_jugador", "clubId") VALUES
(5, 'Mauricio', 'Isla', 'Chile', '1988-06-12 00:00:00', 0, 'DEFENSA', 176, 4),
(6, 'Óscar', 'Opazo', 'Chile', '1990-10-18 00:00:00', 0, 'DEFENSA', 168, 4),
(7, 'Emiliano', 'Amor', 'Argentina', '1995-05-16 00:00:00', 0, 'DEFENSA', 190, 4),
(8, 'Maximiliano', 'Falcón', 'Uruguay', '1997-05-01 00:00:00', 0, 'DEFENSA', 179, 4),
(9, 'Ramiro', 'González Hernández', 'Argentina', '1990-11-21 00:00:00', 0, 'DEFENSA', 183, 4),
(10, 'Erick', 'Wiemberg', 'Chile', '1994-06-20 00:00:00', 0, 'DEFENSA', 170, 4),
(11, 'Cristian', 'Zavala', 'Chile', '1999-08-03 00:00:00', 0, 'DEFENSA', 170, 4),
(12, 'Cristian', 'Riquelme', 'Chile', '2003-10-14 00:00:00', 0, 'DEFENSA', 173, 4),
(13, 'Daniel', 'Gutierrez', 'Chile', '2003-02-16 00:00:00', 0, 'DEFENSA', 181, 4),
(14, 'Bruno', 'Gutiérrez', 'Chile', '2002-06-25 00:00:00', 0, 'DEFENSA', 184, 4),
(15, 'Alan', 'Saldivia', 'Uruguay', '2002-04-06 00:00:00', 0, 'DEFENSA', 180, 4),
(16, 'Miguel', 'Toledo', 'Chile', '2004-01-31 00:00:00', 0, 'DEFENSA', 185, 4),
(17, 'Matías', 'Pinto', 'Chile', '2004-09-11 00:00:00', 0, 'DEFENSA', 175, 4),
(18, 'Nicolás', 'Suárez', 'Chile', '2005-07-31 00:00:00', 0, 'DEFENSA', 180, 4),
(19, 'Arturo', 'Vidal', 'Chile', '1987-05-22 00:00:00', 0, 'MEDIOCAMPISTA', 180, 4),
(20, 'Gonzalo', 'Castellani', 'Argentina', '1987-08-10 00:00:00', 0, 'MEDIOCAMPISTA', 183, 4),
(21, 'César', 'Fuentes', 'Chile', '1993-04-12 00:00:00', 0, 'MEDIOCAMPISTA', 173, 4),
(22, 'Esteban', 'Pavez', 'Chile', '1990-05-01 00:00:00', 0, 'MEDIOCAMPISTA', 180, 4),
(23, 'Marcos', 'Bolados', 'Chile', '1996-02-28 00:00:00', 0, 'MEDIOCAMPISTA', 172, 4),
(24, 'Leonardo', 'Gil', 'Argentina', '1991-05-31 00:00:00', 0, 'MEDIOCAMPISTA', 176, 4),
(25, 'Matías', 'Moya', 'Argentina', '1998-03-26 00:00:00', 0, 'MEDIOCAMPISTA', 169, 4),
(26, 'Vicente', 'Pizarro', 'Chile', '2002-11-05 00:00:00', 0, 'MEDIOCAMPISTA', 172, 4),
(27, 'Jonathan', 'Villagra', 'Chile', '2001-03-28 00:00:00', 0, 'MEDIOCAMPISTA', 183, 4),
(28, 'Dylan', 'Portilla', 'Chile', '2004-03-25 00:00:00', 0, 'MEDIOCAMPISTA', 174, 4),
(29, 'Lucas', 'Soto', 'Chile', '2003-02-24 00:00:00', 0, 'MEDIOCAMPISTA', 182, 4),
(30, 'Lucas', 'Cepeda', 'Chile', '2002-10-31 00:00:00', 0, 'MEDIOCAMPISTA', 177, 4),
(31, 'Diego', 'Plaza', 'Chile', '2003-01-02 00:00:00', 0, 'MEDIOCAMPISTA', 178, 4),
(32, 'Bastian', 'Silva', 'Chile', '2004-01-05 00:00:00', 0, 'MEDIOCAMPISTA', 164, 4),
(33, 'Leandro', 'Hernández', 'Chile', '2005-06-13 00:00:00', 0, 'MEDIOCAMPISTA', 168, 4),
(34, 'Javier', 'Correa', 'Argentina', '1992-10-23 00:00:00', 0, 'DELANTERO', 184, 4),
(35, 'Guillermo', 'Paiva', 'Paraguay', '1997-08-17 00:00:00', 0, 'DELANTERO', 181, 4),
(36, 'Carlos', 'Palacios', 'Chile', '2000-07-20 00:00:00', 0, 'DELANTERO', 184, 4),
(37, 'Alexander', 'Oroz', 'Chile', '2002-12-15 00:00:00', 0, 'DELANTERO', 172, 4),
(38, 'Francisco', 'Rivera', 'Chile', '2004-02-02 00:00:00', 0, 'DELANTERO', 176, 4),
(39, 'Enzo', 'Riquelme', 'Chile', '2004-03-17 00:00:00', 0, 'DELANTERO', 0, 4),
(40, 'Oscar', 'Ustari', 'Argentina', '1986-07-03 00:00:00', 0, 'PORTERO', 184, 1),
(41, 'Gonzalo', 'Collao', 'Chile', '1997-09-09 00:00:00', 0, 'PORTERO', 192, 1),
(42, 'Omar', 'Carabalí', 'Ecuador', '1997-06-12 00:00:00', 0, 'PORTERO', 187, 1),
(43, 'Tomás', 'Ahumada', 'Chile', '2001-06-24 00:00:00', 0, 'PORTERO', 181, 1),
(44, 'Cristóbal', 'Piña', 'Chile', '2007-07-08 00:00:00', 0, 'PORTERO', 0, 1),
(45, 'Guillermo', 'Ortíz', 'Argentina', '1992-08-09 00:00:00', 0, 'DEFENSA', 183, 1),
(46, 'Fabián', 'Torres', 'Chile', '1989-04-27 00:00:00', 0, 'DEFENSA', 180, 1),
(47, 'Nicolás', 'Fernández', 'Chile', '1999-08-03 00:00:00', 0, 'DEFENSA', 176, 1),
(48, 'Germán', 'Guiffrey', 'Argentina', '1997-12-31 00:00:00', 0, 'DEFENSA', 182, 1),
(49, 'Cristóbal', 'Muñoz', 'Chile', '1999-10-11 00:00:00', 0, 'DEFENSA', 184, 1),
(50, 'Daniel', 'Piña', 'Chile', '2001-11-16 00:00:00', 0, 'DEFENSA', 189, 1),
(51, 'Diego', 'Monreal', 'Chile', '2002-09-05 00:00:00', 0, 'DEFENSA', 185, 1),
(52, 'Carlos', 'Villanueva', 'Chile', '1986-02-05 00:00:00', 0, 'MEDIOCAMPISTA', 173, 1),
(53, 'Gastón', 'Gil Romero', 'Argentina', '1993-03-06 00:00:00', 0, 'MEDIOCAMPISTA', 177, 1),
(54, 'Santiago', 'Dittborn', 'Chile', '1992-10-30 00:00:00', 0, 'MEDIOCAMPISTA', 174, 1),
(55, 'Emanuel', 'Cecchini', 'Argentina', '1996-12-24 00:00:00', 0, 'MEDIOCAMPISTA', 180, 1),
(56, 'Gonzalo', 'Álvarez', 'Chile', '1997-01-20 00:00:00', 0, 'MEDIOCAMPISTA', 173, 1),
(57, 'Thomas', 'Rodríguez', 'Argentina', '1996-04-05 00:00:00', 0, 'MEDIOCAMPISTA', 183, 1),
(58, 'Marco', 'Collao Ramos', 'Chile', '1998-04-11 00:00:00', 0, 'MEDIOCAMPISTA', 173, 1),
(59, 'Oliver', 'Rojas', 'Chile', '2000-06-11 00:00:00', 0, 'MEDIOCAMPISTA', 179, 1),
(60, 'Nicolás', 'Aedo', 'Chile', '2001-04-06 00:00:00', 0, 'MEDIOCAMPISTA', 168, 1),
(61, 'Paolo', 'Guajardo', 'Chile', '2003-05-27 00:00:00', 0, 'MEDIOCAMPISTA', 180, 1),
(62, 'Lucas', 'Carreno', 'Chile', '2003-07-04 00:00:00', 0, 'MEDIOCAMPISTA', 0, 1),
(63, 'Alessandro', 'Riep', 'Argentina', '2003-07-03 00:00:00', 0, 'MEDIOCAMPISTA', 174, 1),
(64, 'Esteban', 'Matus', 'Chile', '2002-02-12 00:00:00', 0, 'MEDIOCAMPISTA', 170, 1),
(65, 'Lucas', 'Reyes', 'Chile', '2004-08-16 00:00:00', 0, 'MEDIOCAMPISTA', 0, 1),
(66, 'Agustin', 'Zamorano', 'Chile', '2003-05-19 00:00:00', 0, 'MEDIOCAMPISTA', 0, 1),
(67, 'Matias', 'Contreras', 'Chile', '2005-01-14 00:00:00', 0, 'MEDIOCAMPISTA', 0, 1),
(68, 'Ignacio', 'Jeraldino', 'Chile', '1995-12-06 00:00:00', 0, 'DELANTERO', 184, 1),
(69, 'Nicolás', 'Orellana', 'Chile', '1995-09-03 00:00:00', 0, 'DELANTERO', 180, 1),
(70, 'Nazareno', 'Bazán', 'Argentina', '1999-03-08 00:00:00', 0, 'DELANTERO', 181, 1),
(71, 'Lautaro', 'Palacios', 'Argentina', '1995-05-29 00:00:00', 0, 'DELANTERO', 179, 1),
(72, 'Luciano', 'Arriagada', 'Chile', '2002-04-30 00:00:00', 0, 'DELANTERO', 184, 1),
(73, 'Javier', 'Quiñones', 'Chile', '2002-10-07 00:00:00', 0, 'DELANTERO', 178, 1),
(74, 'Edruan', 'Paredes', 'Chile', '2003-03-03 00:00:00', 0, 'DELANTERO', 0, 1),
(75, 'Nicolás', 'Avellaneda', 'Argentina', '1993-02-23 00:00:00', 0, 'PORTERO', 191, 2),
(76, 'Hugo', 'Araya', 'Chile', '2000-12-26 00:00:00', 0, 'PORTERO', 184, 2),
(77, 'Sebastian', 'Rojas', 'Chile', '2001-07-30 00:00:00', 0, 'PORTERO', 0, 2),
(78, 'Alexander', 'Pinto', 'Chile', '2003-04-24 00:00:00', 0, 'PORTERO', 181, 2),
(79, 'Cristian', 'Alarcón', 'Chile', '2006-10-14 00:00:00', 0, 'PORTERO', 0, 2),
(80, 'Rodolfo', 'González', 'Chile', '1989-02-28 00:00:00', 0, 'DEFENSA', 183, 2),
(81, 'Luís', 'García', 'Chile', '1996-02-09 00:00:00', 0, 'DEFENSA', 175, 2),
(82, 'Mauro', 'Brasil', 'Uruguay', '1999-04-27 00:00:00', 0, 'DEFENSA', 180, 2),
(83, 'Marco', 'Campagnaro', 'Argentina', '2003-03-04 00:00:00', 0, 'DEFENSA', 180, 2),
(84, 'Jorge', 'Espejo', 'Chile', '2000-07-28 00:00:00', 0, 'DEFENSA', 0, 2),
(85, 'Bryan', 'Ogaz', 'Chile', '2000-07-09 00:00:00', 0, 'DEFENSA', 173, 2),
(86, 'Bastian', 'Tapia', 'Chile', '2002-08-09 00:00:00', 0, 'DEFENSA', 182, 2),
(87, 'Rivaldo', 'Hernández', 'Chile', '2002-06-16 00:00:00', 0, 'DEFENSA', 0, 2),
(88, 'Juan', 'Leiva', 'Chile', '1993-11-11 00:00:00', 0, 'MEDIOCAMPISTA', 181, 2),
(89, 'Mario', 'Sandoval', 'Chile', '1991-07-24 00:00:00', 0, 'MEDIOCAMPISTA', 165, 2),
(90, 'Yerko', 'Aguila', 'Chile', '1996-05-31 00:00:00', 0, 'MEDIOCAMPISTA', 175, 2),
(91, 'Marco', 'Borgnino', 'Argentina', '1997-10-25 00:00:00', 0, 'MEDIOCAMPISTA', 176, 2),
(92, 'Bastian', 'Valdés', 'Chile', '2001-01-04 00:00:00', 0, 'MEDIOCAMPISTA', 0, 2),
(93, 'Minoban', 'Becerra', 'Chile', '2000-02-18 00:00:00', 0, 'MEDIOCAMPISTA', 0, 2),
(94, 'Nicolás', 'Palma', 'Chile', '2001-10-08 00:00:00', 0, 'MEDIOCAMPISTA', 0, 2),
(95, 'Javier', 'Meléndez', 'Chile', '2002-02-28 00:00:00', 0, 'MEDIOCAMPISTA', 0, 2),
(96, 'Nicolás', 'Orrego', 'Chile', '2001-10-18 00:00:00', 0, 'MEDIOCAMPISTA', 0, 2),
(97, 'Tomás', 'Roco', 'Chile', '2006-05-03 00:00:00', 0, 'MEDIOCAMPISTA', 0, 2),
(98, 'René', 'Vega', 'Chile', '2005-06-28 00:00:00', 0, 'MEDIOCAMPISTA', 0, 2),
(99, 'Benjamín', 'Urzúa', 'Chile', '2003-03-20 00:00:00', 0, 'MEDIOCAMPISTA', 0, 2),
(100, 'Nicolás', 'Aguilar', 'Chile', '2004-10-02 00:00:00', 0, 'MEDIOCAMPISTA', 0, 2),
(101, 'Maximiliano', 'Vargas', 'Chile', '2005-05-09 00:00:00', 0, 'MEDIOCAMPISTA', 0, 2),
(102, 'Jhon', 'Gamboa', 'Colombia', '2003-04-15 00:00:00', 0, 'MEDIOCAMPISTA', 0, 2),
(103, 'José', 'Jofré', 'Chile', '2005-10-04 00:00:00', 0, 'MEDIOCAMPISTA', 0, 2),
(104, 'Thomas', 'Callejas', 'Chile', '2005-03-06 00:00:00', 0, 'MEDIOCAMPISTA', 0, 2),
(105, 'Cristián', 'Insaurralde', 'Argentina', '1991-07-20 00:00:00', 0, 'DELANTERO', 179, 2),
(106, 'Christian', 'Bravo', 'Chile', '1993-10-01 00:00:00', 0, 'DELANTERO', 169, 2),
(107, 'Nahuel', 'Donadell', 'Chile', '1991-03-30 00:00:00', 0, 'DELANTERO', 158, 2),
(108, 'Juan', 'Soto', 'Chile', '1994-07-02 00:00:00', 0, 'DELANTERO', 178, 2),
(109, 'Javier', 'Parraguez', 'Chile', '1989-12-31 00:00:00', 0, 'DELANTERO', 173, 2),
(110, 'Luciano', 'Parra', 'Chile', '2002-10-24 00:00:00', 0, 'DELANTERO', 0, 2),
(111, 'Patricio', 'Romero', 'Chile', '2005-05-25 00:00:00', 0, 'DELANTERO', 0, 2),
(112, 'Lucas', 'Di Maio', 'Argentina', '2005-01-26 00:00:00', 0, 'DELANTERO', 184, 2),
(113, 'Lucas', 'Cornejo', 'Chile', '2006-05-17 00:00:00', 0, 'DELANTERO', 0, 2),
(114, 'Leandro', 'Requena', 'Argentina', '1987-09-11 00:00:00', 0, 'PORTERO', 186, 3),
(115, 'Alejandro', 'Santander', 'Chile', '2002-11-05 00:00:00', 0, 'PORTERO', 180, 3),
(116, 'Jean', 'Cerda', 'Chile', '2003-08-17 00:00:00', 0, 'PORTERO', 0, 3),
(117, 'Juan', 'Marianjel', 'Chile', '2006-09-16 00:00:00', 0, 'PORTERO', 180, 3),
(118, 'Alejandro', 'Hidalgo', 'Chile', '2006-07-06 00:00:00', 0, 'PORTERO', 179, 3),
(119, 'Francisco', 'Alarcón', 'Chile', '1990-02-25 00:00:00', 0, 'DEFENSA', 189, 3),
(120, 'Marcelo', 'Jorquera', 'Chile', '1992-10-13 00:00:00', 0, 'DEFENSA', 173, 3),
(121, 'Guillermo', 'Pacheco', 'Chile', '1989-04-10 00:00:00', 0, 'DEFENSA', 182, 3),
(122, 'Franco', 'Bechtholdt', 'Argentina', '1993-08-15 00:00:00', 0, 'DEFENSA', 179, 3),
(123, 'Cristopher', 'Mesías', 'Chile', '1998-05-02 00:00:00', 0, 'DEFENSA', 180, 3),
(124, 'Marcelo', 'Filla', 'Chile', '1998-02-14 00:00:00', 0, 'DEFENSA', 174, 3),
(125, 'Jens', 'Buss', 'Chile', '1997-01-24 00:00:00', 0, 'DEFENSA', 185, 3),
(126, 'Juan', 'Hernández', 'Uruguay', '1997-10-30 00:00:00', 0, 'DEFENSA', 190, 3),
(127, 'Cristian', 'Toro', 'Chile', '2000-11-10 00:00:00', 0, 'DEFENSA', 183, 3),
(128, 'Rodrigo', 'Sandoval', 'Chile', '2001-01-21 00:00:00', 0, 'DEFENSA', 0, 3),
(129, 'Carlos', 'Navarrete', 'Chile', '2004-03-09 00:00:00', 0, 'DEFENSA', 167, 3),
(130, 'Axel', 'Fuentes', 'Chile', '2006-03-08 00:00:00', 0, 'DEFENSA', 170, 3),
(131, 'Anibal', 'Gajardo', 'Chile', '2005-01-29 00:00:00', 0, 'DEFENSA', 179, 3),
(132, 'Matias', 'Castro', 'Chile', '2005-01-13 00:00:00', 0, 'DEFENSA', 180, 3),
(133, 'Vicente', 'Torres', 'Chile', '2006-03-25 00:00:00', 0, 'DEFENSA', 186, 3),
(134, 'Anderson', 'Escobar', 'Chile', '2007-05-03 00:00:00', 0, 'DEFENSA', 181, 3),
(135, 'Nélson', 'Sepúlveda', 'Chile', '1992-01-22 00:00:00', 0, 'MEDIOCAMPISTA', 167, 3),
(136, 'Leonardo', 'Valencia', 'Chile', '1991-04-25 00:00:00', 0, 'MEDIOCAMPISTA', 181, 3),
(137, 'Gastón', 'Lezcano', 'Argentina', '1986-11-21 00:00:00', 0, 'MEDIOCAMPISTA', 170, 3),
(138, 'Diego', 'Céspedes', 'Chile', '1998-09-25 00:00:00', 0, 'MEDIOCAMPISTA', 181, 3),
(139, 'Ignacio', 'Pacheco', 'Chile', '2004-04-04 00:00:00', 0, 'MEDIOCAMPISTA', 175, 3),
(140, 'Emiliano', 'Sosa', 'Uruguay', '1998-02-18 00:00:00', 0, 'MEDIOCAMPISTA', 175, 3),
(141, 'Oliver', 'Ramis', 'Chile', '2006-07-16 00:00:00', 0, 'MEDIOCAMPISTA', 174, 3),
(142, 'Jhoyner', 'Gómez', 'Chile', '2003-07-31 00:00:00', 0, 'MEDIOCAMPISTA', 176, 3),
(143, 'Joshua', 'Ortiz', 'Chile', '2006-06-03 00:00:00', 0, 'MEDIOCAMPISTA', 0, 3),
(144, 'Milán', 'Roki', 'Chile', '2007-10-28 00:00:00', 0, 'MEDIOCAMPISTA', 172, 3),
(145, 'Claudio', 'Burgos', 'Argentina', '2003-04-06 00:00:00', 0, 'MEDIOCAMPISTA', 171, 3),
(146, 'Diego', 'Diaz', 'Chile', '2007-05-12 00:00:00', 0, 'MEDIOCAMPISTA', 178, 3),
(147, 'Juan', 'Landaeta', 'Chile', '2006-02-03 00:00:00', 0, 'MEDIOCAMPISTA', 167, 3),
(148, 'Lucas', 'Diaz', 'Chile', '2005-07-20 00:00:00', 0, 'MEDIOCAMPISTA', 0, 3),
(149, 'Andrés', 'Vilches', 'Chile', '1992-01-14 00:00:00', 0, 'DELANTERO', 182, 3),
(150, 'Felipe', 'Barrientos', 'Chile', '1997-03-06 00:00:00', 0, 'DELANTERO', 169, 3),
(151, 'Franco', 'Lobos', 'Chile', '1999-02-22 00:00:00', 0, 'DELANTERO', 181, 3),
(152, 'Diego', 'Coelho', 'Uruguay', '1995-01-28 00:00:00', 0, 'DELANTERO', 182, 3),
(153, 'César', 'Munder', 'Cuba', '2000-01-07 00:00:00', 0, 'DELANTERO', 166, 3),
(154, 'Franco', 'García', 'Argentina', '1997-06-04 00:00:00', 0, 'DELANTERO', 176, 3),
(155, 'Sergio', 'Carrasco', 'Chile', '2005-01-02 00:00:00', 0, 'DELANTERO', 191, 3),
(156, 'Benjamin', 'Ramirez', 'Chile', '2006-03-08 00:00:00', 0, 'DELANTERO', 165, 3),
(157, 'Matias', 'Sepúlveda', 'Chile', '2006-05-19 00:00:00', 0, 'DELANTERO', 177, 3),
(158, 'Yair', 'Guzman', 'Chile', '2008-02-27 00:00:00', 0, 'DELANTERO', 177, 3),
(159, 'Benjamin', 'Moreno', 'Chile', '2006-01-20 00:00:00', 0, 'DELANTERO', 176, 3),
(160, 'Marco', 'Vallecilla', 'Colombia', '2005-02-14 00:00:00', 0, 'DELANTERO', 185, 3),
(161, 'Miguel', 'Pinto', 'Chile', '1983-07-04 00:00:00', 0, 'PORTERO', 180, 5),
(162, 'Diego', 'Sánchez', 'Chile', '1987-05-08 00:00:00', 0, 'PORTERO', 182, 5),
(163, 'Cristóbal', 'Dorador', 'Chile', '2006-06-07 00:00:00', 0, 'PORTERO', 186, 5),
(164, 'Juan', 'Cornejo', 'Chile', '1990-02-27 00:00:00', 0, 'DEFENSA', 177, 5),
(165, 'Manuel', 'Fernández', 'Uruguay', '1989-01-25 00:00:00', 0, 'DEFENSA', 181, 5),
(166, 'Sebastián', 'Cabrera', 'Chile', '1998-03-16 00:00:00', 0, 'DEFENSA', 175, 5),
(167, 'Salvador', 'Sánchez', 'Argentina', '1995-07-31 00:00:00', 0, 'DEFENSA', 186, 5),
(168, 'Elvis', 'Hernandez', 'Argentina', '1999-09-24 00:00:00', 0, 'DEFENSA', 182, 5),
(169, 'Bruno', 'Cabrera', 'Argentina', '1997-04-28 00:00:00', 0, 'DEFENSA', 180, 5),
(170, 'Alejandro', 'Camargo', 'Argentina', '1989-06-12 00:00:00', 0, 'MEDIOCAMPISTA', 171, 5),
(171, 'Sebastián', 'Galani', 'Chile', '1997-08-17 00:00:00', 0, 'MEDIOCAMPISTA', 178, 5),
(172, 'Juan Manuel', 'Vázquez', 'Argentina', '1994-07-25 00:00:00', 0, 'MEDIOCAMPISTA', 185, 5),
(173, 'Jorge', 'Henríquez', 'Chile', '1994-06-17 00:00:00', 0, 'MEDIOCAMPISTA', 176, 5),
(174, 'Diego', 'Plaza', 'Chile', '2001-02-22 00:00:00', 0, 'MEDIOCAMPISTA', 167, 5),
(175, 'Dylan', 'Glaby', 'Argentina', '1996-04-07 00:00:00', 0, 'MEDIOCAMPISTA', 178, 5),
(176, 'Dylan', 'Escobar', 'Chile', '2000-12-02 00:00:00', 0, 'MEDIOCAMPISTA', 183, 5),
(177, 'Ignacio', 'Mesina', 'Chile', '2001-01-16 00:00:00', 0, 'MEDIOCAMPISTA', 0, 5),
(178, 'Yodilan', 'Cruz', 'Chile', '2004-10-09 00:00:00', 0, 'MEDIOCAMPISTA', 164, 5),
(179, 'Axel', 'Cortés', 'Chile', '2003-09-22 00:00:00', 0, 'MEDIOCAMPISTA', 178, 5),
(180, 'Benjamín', 'Chandía', 'Chile', '2002-11-25 00:00:00', 0, 'MEDIOCAMPISTA', 166, 5),
(181, 'Jonathan', 'Raccio', 'Argentina', '2005-03-31 00:00:00', 0, 'MEDIOCAMPISTA', 162, 5),
(182, 'Dixon', 'Pereira', 'Chile', '2007-03-08 00:00:00', 0, 'MEDIOCAMPISTA', 0, 5),
(183, 'Martín', 'Mundaca', 'Argentina', '2007-01-08 00:00:00', 0, 'MEDIOCAMPISTA', 0, 5),
(184, 'Matías', 'Zepeda', 'Chile', '2004-04-21 00:00:00', 0, 'MEDIOCAMPISTA', 0, 5),
(185, 'Benjamin', 'Mosquera', 'Chile', '2004-01-11 00:00:00', 0, 'MEDIOCAMPISTA', 0, 5),
(186, 'Jonatan', 'Bauman', 'Argentina', '1991-03-30 00:00:00', 0, 'DELANTERO', 178, 5),
(187, 'Andrés', 'Chávez', 'Argentina', '1991-03-21 00:00:00', 0, 'DELANTERO', 185, 5),
(188, 'Ignacio', 'Jara', 'Chile', '1997-01-26 00:00:00', 0, 'DELANTERO', 169, 5),
(189, 'Cristopher', 'Barrera', 'Chile', '1998-04-18 00:00:00', 0, 'DELANTERO', 180, 5),
(190, 'Alejandro', 'Azócar', 'Chile', '2000-10-19 00:00:00', 0, 'DELANTERO', 180, 5),
(191, 'Matías', 'Alvarado', 'Chile', '2003-03-25 00:00:00', 0, 'DELANTERO', 178, 5),
(192, 'Nicolas', 'Johansen', 'Argentina', '1999-01-23 00:00:00', 0, 'DELANTERO', 182, 5),
(193, 'Enzo', 'Mettifogo', 'Chile', '2006-04-21 00:00:00', 0, 'DELANTERO', 186, 5),
(358, 'Ignacio', 'González', 'Chile', '1989-12-02 00:00:00', 0, 'PORTERO', 187, 8),
(359, 'Claudio', 'González', 'Chile', '1990-04-26 00:00:00', 0, 'PORTERO', 176, 8),
(360, 'Isaac', 'Esquenazi', 'Chile', '2004-03-31 00:00:00', 0, 'PORTERO', 182, 8),
(361, 'Felipe', 'Campos', 'Chile', '1993-11-08 00:00:00', 0, 'DEFENSA', 184, 8),
(362, 'Tomás', 'Astaburuaga', 'Chile', '1996-10-11 00:00:00', 0, 'DEFENSA', 185, 8),
(363, 'Diego', 'Oyarzun', 'Chile', '1993-01-19 00:00:00', 0, 'DEFENSA', 185, 8),
(364, 'Eduardo', '...', 'Brasil', '1996-02-13 00:00:00', 0, 'DEFENSA', 186, 8),
(365, 'Nicolás', 'Baeza', 'Chile', '1997-05-07 00:00:00', 0, 'DEFENSA', 178, 8),
(366, 'Matias', 'Ibacache', 'Chile', '1999-01-11 00:00:00', 0, 'DEFENSA', 175, 8),
(367, 'Sebastián', 'Pereira', 'Chile', '1999-01-14 00:00:00', 0, 'DEFENSA', 185, 8),
(368, 'Vicente', 'Vega', 'Chile', '2004-05-06 00:00:00', 0, 'DEFENSA', 187, 8),
(369, 'Lukas', 'Cifuentes', 'Chile', '2005-10-18 00:00:00', 0, 'DEFENSA', 168, 8),
(370, 'Ariel', 'Guzmán', 'Chile', '2003-01-31 00:00:00', 0, 'DEFENSA', 0, 8),
(371, 'Álvaro', 'Madrid', 'Chile', '1995-04-05 00:00:00', 0, 'MEDIOCAMPISTA', 179, 8),
(372, 'Kevin', 'Méndez', 'Uruguay', '1996-01-10 00:00:00', 0, 'MEDIOCAMPISTA', 176, 8),
(373, 'Omar', 'Fernández', 'Colombia', '1993-02-11 00:00:00', 0, 'MEDIOCAMPISTA', 166, 8),
(374, 'Axl', 'Ríos', 'Chile', '1999-07-11 00:00:00', 0, 'MEDIOCAMPISTA', 178, 8),
(375, 'Felipe', 'Villagrán', 'Chile', '1997-03-17 00:00:00', 0, 'MEDIOCAMPISTA', 178, 8),
(376, 'Benjamín', 'Berrios', 'Chile', '1998-03-09 00:00:00', 0, 'MEDIOCAMPISTA', 168, 8),
(377, 'Joan', 'Cruz', 'Chile', '2003-04-04 00:00:00', 0, 'MEDIOCAMPISTA', 174, 8),
(378, 'Martín', 'Cárcamo', 'Chile', '2003-12-17 00:00:00', 0, 'MEDIOCAMPISTA', 0, 8),
(379, 'Alexis', 'Ugarte', 'Chile', '2006-03-22 00:00:00', 0, 'MEDIOCAMPISTA', 175, 8),
(380, 'Marcos', 'Saavedra', 'Chile', '2006-08-16 00:00:00', 0, 'MEDIOCAMPISTA', 168, 8),
(381, 'Christopher', 'Ampuero', 'Chile', '2004-07-15 00:00:00', 0, 'MEDIOCAMPISTA', 0, 8),
(382, 'Juan', 'Delgado', 'Chile', '1993-03-05 00:00:00', 0, 'DELANTERO', 177, 8),
(383, 'Rodrigo', 'Contreras', 'Argentina', '1995-10-27 00:00:00', 0, 'DELANTERO', 184, 8),
(384, 'Matías', 'Campos López', 'Chile', '1991-08-18 00:00:00', 0, 'DELANTERO', 178, 8),
(385, 'Federico', 'Martínez', 'Uruguay', '1996-02-28 00:00:00', 0, 'DELANTERO', 175, 8),
(386, 'Jonathan', 'Dos Santos', 'Uruguay', '1992-04-18 00:00:00', 0, 'DELANTERO', 178, 8),
(387, 'Braian', 'Martínez', 'Argentina', '1999-08-18 00:00:00', 0, 'DELANTERO', 170, 8),
(388, 'Mitchell', 'Wassenne', 'Chad', '2001-04-19 00:00:00', 0, 'DELANTERO', 172, 8),
(389, 'Lautaro', 'Pastran', 'Argentina', '2002-06-27 00:00:00', 0, 'DELANTERO', 173, 8),
(390, 'Emiliano', 'Ramos', 'Chile', '2005-03-08 00:00:00', 0, 'DELANTERO', 179, 8),
(391, 'Bruno', 'Bentancor', 'Uruguay', '2003-12-18 00:00:00', 0, 'DELANTERO', 188, 8),
(392, 'Cristián', 'Palma', 'Chile', '2004-05-07 00:00:00', 0, 'DELANTERO', 175, 8),
(393, 'Cristopher', 'Toselli', 'Chile', '1988-06-15 00:00:00', 0, 'PORTERO', 183, 9),
(394, 'Gabriel', 'Castellón', 'Chile', '1993-09-08 00:00:00', 0, 'PORTERO', 187, 9),
(395, 'Pedro', 'Garrido', 'Chile', '2003-10-29 00:00:00', 0, 'PORTERO', 188, 9),
(396, 'Fabricio', 'Formiliano', 'Uruguay', '1993-01-14 00:00:00', 0, 'DEFENSA', 185, 9),
(397, 'Juan Pablo', 'Gómez', 'Argentina', '1991-05-11 00:00:00', 0, 'DEFENSA', 182, 9),
(398, 'Ignacio', 'Tapia', 'Chile', '1999-02-22 00:00:00', 0, 'DEFENSA', 186, 9),
(399, 'Franco', 'Calderon', 'Argentina', '1998-05-13 00:00:00', 0, 'DEFENSA', 184, 9),
(400, 'Marcelo', 'Morales', 'Chile', '2003-06-06 00:00:00', 0, 'DEFENSA', 175, 9),
(401, 'Jose Ignacio', 'Castro', 'Chile', '2001-10-13 00:00:00', 0, 'DEFENSA', 178, 9),
(402, 'David', 'Retamal', 'Chile', '2003-04-14 00:00:00', 0, 'DEFENSA', 180, 9),
(403, 'Charles', 'Aránguiz', 'Chile', '1989-04-17 00:00:00', 0, 'MEDIOCAMPISTA', 171, 9),
(404, 'Marcelo', 'Díaz', 'Chile', '1986-12-30 00:00:00', 0, 'MEDIOCAMPISTA', 166, 9),
(405, 'Matías', 'Zaldivia', 'Argentina', '1991-01-22 00:00:00', 0, 'MEDIOCAMPISTA', 184, 9),
(406, 'Israel', 'Poblete', 'Chile', '1995-06-22 00:00:00', 0, 'MEDIOCAMPISTA', 172, 9),
(407, 'Emmanuel', 'Ojeda', 'Argentina', '1997-11-05 00:00:00', 0, 'MEDIOCAMPISTA', 180, 9),
(408, 'Matías', 'Sepúlveda', 'Chile', '1999-03-12 00:00:00', 0, 'MEDIOCAMPISTA', 183, 9),
(409, 'Maximiliano', 'Guerrero', 'Chile', '2000-01-15 00:00:00', 0, 'MEDIOCAMPISTA', 170, 9),
(410, 'Federico', 'Mateos', 'Argentina', '1993-03-28 00:00:00', 0, 'MEDIOCAMPISTA', 177, 9),
(411, 'Renato', 'Cordero', 'Chile', '2003-04-16 00:00:00', 0, 'MEDIOCAMPISTA', 176, 9),
(412, 'Agustín', 'Arce', 'Chile', '2005-01-24 00:00:00', 0, 'MEDIOCAMPISTA', 0, 9),
(413, 'Ignacio', 'Vásquez', 'Chile', '2006-05-22 00:00:00', 0, 'MEDIOCAMPISTA', 171, 9),
(414, 'Salvador', 'Negrete', 'Chile', '2003-08-03 00:00:00', 0, 'MEDIOCAMPISTA', 0, 9),
(415, 'Leandro', 'Fernández', 'Argentina', '1991-03-12 00:00:00', 0, 'DELANTERO', 178, 9),
(416, 'Cristian', 'Palacios', 'Uruguay', '1990-09-02 00:00:00', 0, 'DELANTERO', 171, 9),
(417, 'Fabián', 'Hormazábal', 'Chile', '1996-04-26 00:00:00', 0, 'DELANTERO', 172, 9),
(418, 'Nicolás', 'Guerra', 'Chile', '1999-01-09 00:00:00', 0, 'DELANTERO', 174, 9),
(419, 'Antonio', 'Díaz', 'Chile', '2000-04-26 00:00:00', 0, 'DELANTERO', 176, 9),
(420, 'Luciano', 'Pons', 'Argentina', '1990-04-18 00:00:00', 0, 'DELANTERO', 181, 9),
(421, 'Lucas', 'Assadi', 'Chile', '2004-01-08 00:00:00', 0, 'DELANTERO', 172, 9),
(422, 'Cristobal', 'Muñoz', 'Chile', '2002-01-22 00:00:00', 0, 'DELANTERO', 185, 9),
(423, 'Franco', 'Torgnascioli', 'Uruguay', '1990-08-24 00:00:00', 0, 'PORTERO', 186, 10),
(424, 'José', 'Ballesteros', 'Chile', '2002-05-04 00:00:00', 0, 'PORTERO', 196, 10),
(425, 'Alonso', 'Montecinos', 'Chile', '1999-05-13 00:00:00', 0, 'PORTERO', 0, 10),
(426, 'Nicolás', 'Peñailillo', 'Chile', '1991-06-13 00:00:00', 0, 'DEFENSA', 188, 10),
(427, 'Stefano', 'Magnasco', 'Chile', '1992-09-28 00:00:00', 0, 'DEFENSA', 175, 10),
(428, 'Luis', 'Pavez', 'Chile', '1995-09-17 00:00:00', 0, 'DEFENSA', 175, 10),
(429, 'José', 'Tiznado', 'Chile', '1994-09-03 00:00:00', 0, 'DEFENSA', 184, 10),
(430, 'Simón', 'Ramírez', 'Chile', '1998-11-03 00:00:00', 0, 'DEFENSA', 175, 10),
(293, 'Nélson', 'Espinoza', 'Chile', '1995-09-22 00:00:00', 0, 'PORTERO', 190, 6),
(294, 'Richard', 'Leyton', 'Chile', '1987-01-25 00:00:00', 0, 'PORTERO', 187, 6),
(295, 'Matías', 'Zamora', 'Chile', '2002-06-12 00:00:00', 0, 'PORTERO', 0, 6),
(296, 'Benjamin', 'Arce', 'Chile', '2006-08-18 00:00:00', 0, 'PORTERO', 0, 6),
(297, 'Bruno', 'Romo', 'Chile', '1989-05-20 00:00:00', 0, 'DEFENSA', 185, 6),
(298, 'Pablo Nicolás', 'Vargas Romero', 'Chile', '1993-09-15 00:00:00', 0, 'DEFENSA', 171, 6),
(299, 'Diego', 'Carrasco', 'Chile', '1995-05-25 00:00:00', 0, 'DEFENSA', 176, 6),
(300, 'Yerco', 'Oyanedel', 'Chile', '2000-09-19 00:00:00', 0, 'DEFENSA', 170, 6),
(301, 'Byron', 'Nieto', 'Chile', '1998-02-03 00:00:00', 0, 'DEFENSA', 0, 6),
(302, 'Yonathan', 'Andía', 'Chile', '1992-08-06 00:00:00', 0, 'DEFENSA', 172, 6),
(303, 'Francisco', 'Calisto', 'Chile', '2004-05-20 00:00:00', 0, 'DEFENSA', 0, 6),
(304, 'Elías', 'Calderón', 'Argentina', '2001-02-04 00:00:00', 0, 'DEFENSA', 188, 6),
(305, 'Richard', 'Ramírez', 'Chile', '2004-02-06 00:00:00', 0, 'DEFENSA', 0, 6),
(306, 'Jorge', 'Luna', 'Argentina', '1986-12-14 00:00:00', 0, 'MEDIOCAMPISTA', 168, 6),
(307, 'Juan', 'Jaime', 'Argentina', '1993-01-01 00:00:00', 0, 'MEDIOCAMPISTA', 176, 6),
(308, 'Marco', 'Medel', 'Chile', '1989-06-30 00:00:00', 0, 'MEDIOCAMPISTA', 177, 6),
(309, 'Leonardo', 'Pais', 'Uruguay', '1994-07-07 00:00:00', 0, 'MEDIOCAMPISTA', 182, 6),
(310, 'Fabián', 'Manzano', 'Chile', '1994-01-13 00:00:00', 0, 'MEDIOCAMPISTA', 174, 6),
(311, 'Diego', 'García', 'Chile', '1996-12-19 00:00:00', 0, 'MEDIOCAMPISTA', 183, 6),
(312, 'Yerko', 'González', 'Chile', '2001-08-20 00:00:00', 0, 'MEDIOCAMPISTA', 181, 6),
(313, 'Bryan', 'Soto', 'Chile', '2001-06-01 00:00:00', 0, 'MEDIOCAMPISTA', 170, 6),
(314, 'Sebastián', 'Espinoza', 'Chile', '2004-07-19 00:00:00', 0, 'MEDIOCAMPISTA', 167, 6),
(315, 'Franco', 'Kepec', 'Chile', '2006-02-20 00:00:00', 0, 'MEDIOCAMPISTA', 0, 6),
(316, 'Manuel', 'Aravena', 'Chile', '2004-03-04 00:00:00', 0, 'MEDIOCAMPISTA', 0, 6),
(317, 'Rodrigo', 'Orellana', 'Chile', '2004-08-07 00:00:00', 0, 'MEDIOCAMPISTA', 0, 6),
(318, 'Tobías', 'Figueroa', 'Argentina', '1992-02-02 00:00:00', 0, 'DELANTERO', 191, 6),
(319, 'Felipe', 'Reynero', 'Chile', '1989-03-14 00:00:00', 0, 'DELANTERO', 178, 6),
(320, 'Isaac', 'Díaz', 'Chile', '1990-03-24 00:00:00', 0, 'DELANTERO', 184, 6),
(321, 'Juan', 'Gaete', 'Chile', '1997-05-21 00:00:00', 0, 'DELANTERO', 174, 6),
(322, 'Maximiliano', 'Quinteros', 'Argentina', '1989-04-28 00:00:00', 0, 'DELANTERO', 0, 6),
(323, 'Franco', 'Torres', 'Argentina', '1999-05-25 00:00:00', 0, 'DELANTERO', 174, 6),
(324, 'Luis', 'Hernández', 'Chile', '2004-01-12 00:00:00', 0, 'DELANTERO', 179, 6),
(325, 'Martín', 'Araya', 'Chile', '2005-09-27 00:00:00', 0, 'DELANTERO', 181, 6),
(326, 'Daniel', 'Castillo', 'Chile', '1990-10-23 00:00:00', 0, 'PORTERO', 181, 7),
(327, 'Daniel', 'Sappa', 'Argentina', '1995-02-09 00:00:00', 0, 'PORTERO', 193, 7),
(328, 'Matías', 'Reyes', 'Chile', '2004-04-05 00:00:00', 0, 'PORTERO', 0, 7),
(329, 'Agustín', 'Rodríguez', 'Chile', '2005-12-16 00:00:00', 0, 'PORTERO', 0, 7),
(330, 'Miguel', 'Sanhueza', 'Chile', '1991-08-30 00:00:00', 0, 'DEFENSA', 181, 7),
(331, 'Luis', 'Casanova', 'Chile', '1992-07-01 00:00:00', 0, 'DEFENSA', 182, 7),
(332, 'Matías', 'Blázquez', 'Chile', '1991-05-08 00:00:00', 0, 'DEFENSA', 188, 7),
(333, 'Diego', 'Orellana', 'Chile', '1993-05-16 00:00:00', 0, 'DEFENSA', 172, 7),
(334, 'Carlos', 'Rodríguez', 'Uruguay', '1990-04-07 00:00:00', 0, 'DEFENSA', 186, 7),
(335, 'Joaquín', 'Novillo', 'Argentina', '1998-02-19 00:00:00', 0, 'DEFENSA', 190, 7),
(336, 'Dilan', 'Rojas', 'Chile', '2004-06-04 00:00:00', 0, 'DEFENSA', 0, 7),
(337, 'Ronald', 'De La Fuente', 'Chile', '1991-01-25 00:00:00', 0, 'MEDIOCAMPISTA', 176, 7),
(338, 'Edson', 'Puch', 'Chile', '1986-09-04 00:00:00', 0, 'MEDIOCAMPISTA', 169, 7),
(339, 'Hans', 'Salinas', 'Chile', '1990-04-23 00:00:00', 0, 'MEDIOCAMPISTA', 171, 7),
(340, 'Bryan', 'Carvallo', 'Chile', '1996-09-15 00:00:00', 0, 'MEDIOCAMPISTA', 164, 7),
(341, 'Joaquín', 'Moya', 'Chile', '1993-12-13 00:00:00', 0, 'MEDIOCAMPISTA', 173, 7),
(342, 'Diego', 'Fernandez', 'Chile', '1998-03-08 00:00:00', 0, 'MEDIOCAMPISTA', 170, 7),
(343, 'Lázaro', 'Romero', 'Argentina', '1995-12-13 00:00:00', 0, 'MEDIOCAMPISTA', 176, 7),
(344, 'Agustín', 'Nadruz', 'Uruguay', '1996-06-29 00:00:00', 0, 'MEDIOCAMPISTA', 182, 7),
(345, 'Enzo', 'Hoyos', 'Argentina', '2000-05-10 00:00:00', 0, 'MEDIOCAMPISTA', 179, 7),
(346, 'Miguel', 'Binimelis', 'Chile', '2000-02-21 00:00:00', 0, 'MEDIOCAMPISTA', 175, 7),
(347, 'Matías', 'Puebla', 'Chile', '2004-03-03 00:00:00', 0, 'MEDIOCAMPISTA', 167, 7),
(348, 'Renato', 'Valenzuela', 'Chile', '2005-08-06 00:00:00', 0, 'MEDIOCAMPISTA', 0, 7),
(349, 'Alonso', 'López', 'Chile', '2005-04-15 00:00:00', 0, 'MEDIOCAMPISTA', 0, 7),
(350, 'Dylan', 'Arias', 'Chile', '2007-03-21 00:00:00', 0, 'MEDIOCAMPISTA', 0, 7),
(351, 'Álvaro', 'Ramos', 'Chile', '1992-04-14 00:00:00', 0, 'DELANTERO', 167, 7),
(352, 'Rubén', 'Farfán', 'Chile', '1991-09-25 00:00:00', 0, 'DELANTERO', 174, 7),
(353, 'César', 'González', 'Chile', '1997-01-11 00:00:00', 0, 'DELANTERO', 175, 7),
(354, 'Stefan', 'Pino', 'Chile', '1994-02-26 00:00:00', 0, 'DELANTERO', 199, 7),
(355, 'Alexis', 'Villaroel', 'Argentina', '2000-09-23 00:00:00', 0, 'DELANTERO', 170, 7),
(356, 'Iam', 'González', 'Chile', '2004-07-02 00:00:00', 0, 'DELANTERO', 162, 7),
(357, 'Ronaldo', 'Henríquez', 'Chile', '2004-04-09 00:00:00', 0, 'DELANTERO', 174, 7),
(431, 'Bastian', 'Roco', 'Chile', '2003-10-24 00:00:00', 0, 'DEFENSA', 184, 10),
(432, 'Jeyson', 'Rojas', 'Chile', '2002-01-23 00:00:00', 0, 'DEFENSA', 185, 10),
(433, 'Valentín', 'Vidal', 'Chile', '2004-05-12 00:00:00', 0, 'DEFENSA', 182, 10),
(434, 'Kevin', 'Contreras', 'Chile', '2004-12-24 00:00:00', 0, 'DEFENSA', 180, 10),
(435, 'Diego', 'González', 'Argentina', '1988-02-09 00:00:00', 0, 'MEDIOCAMPISTA', 180, 10),
(436, 'Emiliano', 'Vecchio', 'Argentina', '1988-11-16 00:00:00', 0, 'MEDIOCAMPISTA', 178, 10),
(437, 'Sebastián', 'Leyton', 'Chile', '1993-05-13 00:00:00', 0, 'MEDIOCAMPISTA', 177, 10),
(438, 'Pablo', 'Aránguiz', 'Chile', '1997-03-17 00:00:00', 0, 'MEDIOCAMPISTA', 175, 10),
(439, 'Ignacio', 'Nuñez', 'Chile', '1999-01-15 00:00:00', 0, 'MEDIOCAMPISTA', 170, 10),
(440, 'Franco', 'Frías', 'Argentina', '2002-03-17 00:00:00', 0, 'MEDIOCAMPISTA', 174, 10),
(441, 'Claudio', 'Espinoza', 'Chile', '2002-06-24 00:00:00', 0, 'MEDIOCAMPISTA', 172, 10),
(442, 'Felipe', 'Massri', 'Chile', '2002-02-18 00:00:00', 0, 'MEDIOCAMPISTA', 171, 10),
(443, 'Leonardo', 'Naranjo', 'Chile', '2004-05-22 00:00:00', 0, 'MEDIOCAMPISTA', 176, 10),
(444, 'Milovan', 'Celis', 'Chile', '2006-06-08 00:00:00', 0, 'MEDIOCAMPISTA', 188, 10),
(445, 'Bruno', 'Jáuregui', 'Chile', '2004-01-18 00:00:00', 0, 'MEDIOCAMPISTA', 175, 10),
(446, 'Leandro', 'Benegas', 'Argentina', '1988-11-27 00:00:00', 0, 'DELANTERO', 179, 10),
(447, 'Ariel', 'Uribe', 'Chile', '1999-02-14 00:00:00', 0, 'DELANTERO', 175, 10),
(448, 'Bastián', 'Yañez', 'Chile', '2001-06-27 00:00:00', 0, 'DELANTERO', 174, 10),
(449, 'Fernando', 'Ovelar', 'Paraguay', '2004-01-06 00:00:00', 0, 'DELANTERO', 170, 10),
(450, 'Valentin', 'Nicolas Adamo Reyes', 'Uruguay', '2002-05-04 00:00:00', 0, 'DELANTERO', 191, 10),
(451, 'Gabriel', 'Norambuena', 'Chile', '2003-05-07 00:00:00', 0, 'DELANTERO', 177, 10),
(452, 'Tomás', 'Tolosa', 'Chile', '2003-01-23 00:00:00', 0, 'DELANTERO', 0, 10),
(453, 'Juan Carlos', 'Garrido', 'Chile', '2005-01-04 00:00:00', 0, 'DELANTERO', 0, 10),
(454, 'Sebastián', 'Pérez', 'Chile', '1990-09-02 00:00:00', 0, 'PORTERO', 180, 11),
(455, 'Vicente', 'Bernedo', 'Chile', '2001-01-22 00:00:00', 0, 'PORTERO', 187, 11),
(456, 'Thomas', 'Gillier', 'Chile', '2004-05-28 00:00:00', 0, 'PORTERO', 186, 11),
(457, 'Francisco', 'Valdés', 'Chile', '2006-03-05 00:00:00', 0, 'PORTERO', 0, 11),
(458, 'Martín', 'Contreras', 'Chile', '2005-05-19 00:00:00', 0, 'PORTERO', 0, 11),
(459, 'Gary', 'Kagelmacher', 'Uruguay', '1988-04-21 00:00:00', 0, 'DEFENSA', 183, 11),
(460, 'Alfonso', 'Parot', 'Chile', '1989-10-15 00:00:00', 0, 'DEFENSA', 181, 11),
(461, 'Eugenio', 'Mena', 'Chile', '1988-07-18 00:00:00', 0, 'DEFENSA', 175, 11),
(462, 'Valber', 'Huerta', 'Chile', '1993-08-26 00:00:00', 0, 'DEFENSA', 185, 11),
(463, 'Cristián', 'Cuevas', 'Chile', '1995-04-02 00:00:00', 0, 'DEFENSA', 175, 11),
(464, 'Guillermo', 'Soto', 'Chile', '1994-01-19 00:00:00', 0, 'DEFENSA', 175, 11),
(465, 'Branco', 'Ampuero', 'Chile', '1993-07-19 00:00:00', 0, 'DEFENSA', 184, 11),
(466, 'Daniel', 'Gónzalez', 'Chile', '2002-02-20 00:00:00', 0, 'DEFENSA', 187, 11),
(467, 'Aaron', 'Astullido', 'Venezuela', '2000-04-17 00:00:00', 0, 'DEFENSA', 177, 11),
(468, 'Ignacio', 'Pérez', 'Chile', '2006-06-06 00:00:00', 0, 'DEFENSA', 182, 11),
(469, 'Nicolás', 'Lhuillier', 'Chile', '2005-01-15 00:00:00', 0, 'DEFENSA', 0, 11),
(470, 'César', 'Pinares', 'Chile', '1991-05-23 00:00:00', 0, 'MEDIOCAMPISTA', 176, 11),
(471, 'Fernando', 'Zuqui', 'Argentina', '1991-11-27 00:00:00', 0, 'MEDIOCAMPISTA', 170, 11),
(472, 'Francisco', 'Arancibia', 'Chile', '1996-11-12 00:00:00', 0, 'MEDIOCAMPISTA', 170, 11),
(473, 'Agustín', 'Farías', 'Argentina', '1987-12-25 00:00:00', 0, 'MEDIOCAMPISTA', 178, 11),
(474, 'Joaquín', 'Torres', 'Argentina', '1997-01-28 00:00:00', 0, 'MEDIOCAMPISTA', 165, 11),
(475, 'Alfred', 'Canales', 'Chile', '2000-04-27 00:00:00', 0, 'MEDIOCAMPISTA', 187, 11),
(476, 'Ian', 'Toro', 'Chile', '2002-12-24 00:00:00', 0, 'MEDIOCAMPISTA', 0, 11),
(477, 'Bryan', 'González', 'Chile', '2003-02-23 00:00:00', 0, 'MEDIOCAMPISTA', 167, 11),
(478, 'Jorge', 'Ortiz', 'Chile', '2004-01-23 00:00:00', 0, 'MEDIOCAMPISTA', 170, 11),
(479, 'Diego', 'Corral', 'Chile', '2005-03-09 00:00:00', 0, 'MEDIOCAMPISTA', 0, 11),
(480, 'Nicolás', 'Ignacio Letelier', 'Chile', '2005-01-17 00:00:00', 0, 'MEDIOCAMPISTA', 174, 11),
(481, 'Leenhan', 'Romero', 'Venezuela', '2006-11-01 00:00:00', 0, 'MEDIOCAMPISTA', 169, 11),
(482, 'Juan', 'Rossel', 'Chile', '2005-03-17 00:00:00', 0, 'MEDIOCAMPISTA', 182, 11),
(483, 'Leonardo', 'Troncoso', 'Chile', '2005-04-07 00:00:00', 0, 'MEDIOCAMPISTA', 0, 11),
(484, 'Lukas', 'Garcia-Huidobro', 'Chile', '2005-02-17 00:00:00', 0, 'MEDIOCAMPISTA', 0, 11),
(485, 'Felipe', 'Mercado', 'Chile', '2005-08-30 00:00:00', 0, 'MEDIOCAMPISTA', 0, 11),
(486, 'Clemente', 'González', 'Chile', '2005-05-26 00:00:00', 0, 'MEDIOCAMPISTA', 0, 11),
(487, 'Vasco', 'León', 'Chile', '2006-06-17 00:00:00', 0, 'MEDIOCAMPISTA', 0, 11),
(488, 'Nicolás', 'Castillo', 'Chile', '1993-02-14 00:00:00', 0, 'DELANTERO', 177, 11),
(489, 'Fernando', 'Zampedri', 'Argentina', '1988-02-14 00:00:00', 0, 'DELANTERO', 185, 11),
(490, 'Gonzalo', 'Tapia', 'Chile', '2002-02-18 00:00:00', 0, 'DELANTERO', 179, 11),
(491, 'Clemente', 'Montes', 'Chile', '2001-04-25 00:00:00', 0, 'DELANTERO', 178, 11),
(492, 'Jader', ' ', 'Brasil', '2003-07-24 00:00:00', 0, 'DELANTERO', 172, 11),
(493, 'Milan', 'Tudor', 'Chile', '2004-01-05 00:00:00', 0, 'DELANTERO', 183, 11),
(494, 'Axel', 'Cerda', 'Chile', '2006-04-13 00:00:00', 0, 'DELANTERO', 180, 11),
(495, 'Martín', 'Hiriart', 'Chile', '2005-01-19 00:00:00', 0, 'DELANTERO', 165, 11),
(496, 'Bastian', 'Gómez', 'Chile', '2006-10-20 00:00:00', 0, 'DELANTERO', 0, 11),
(497, 'César', 'Rigamonti', 'Argentina', '1987-04-07 00:00:00', 0, 'PORTERO', 187, 12),
(498, 'Gabriel', 'Fuentes', 'Chile', '2003-05-04 00:00:00', 0, 'PORTERO', 190, 12),
(499, 'Dixon', 'Contreras', 'Chile', '2002-04-26 00:00:00', 0, 'PORTERO', 188, 12),
(500, 'Ricardo', 'Patiño', 'Chile', '2005-03-16 00:00:00', 0, 'PORTERO', 181, 12),
(501, 'Pablo', 'Lagos', 'Chile', '2004-01-01 00:00:00', 0, 'PORTERO', 180, 12),
(502, 'Cristián', 'Suárez', 'Chile', '1987-02-06 00:00:00', 0, 'DEFENSA', 182, 12),
(503, 'Dilan', 'Zúñiga', 'Chile', '1996-07-26 00:00:00', 0, 'DEFENSA', 170, 12),
(504, 'José', 'Bizama', 'Chile', '1994-06-25 00:00:00', 0, 'DEFENSA', 181, 12),
(505, 'Benjamín', 'Rojas', 'Chile', '2001-03-01 00:00:00', 0, 'DEFENSA', 178, 12),
(506, 'Antonio', 'Ceza', 'Chile', '2002-11-23 00:00:00', 0, 'DEFENSA', 182, 12),
(507, 'Vicente', 'Espinoza', 'Chile', '2003-11-14 00:00:00', 0, 'DEFENSA', 175, 12),
(508, 'Iván', 'Román', 'Chile', '2006-07-12 00:00:00', 0, 'DEFENSA', 182, 12),
(509, 'Ian', 'Gargues', 'Chile', '2005-02-03 00:00:00', 0, 'DEFENSA', 181, 12),
(510, 'Simón', 'Pinto', 'Chile', '2005-08-16 00:00:00', 0, 'DEFENSA', 182, 12),
(511, 'Bryan', 'Carrasco', 'Chile', '1991-01-31 00:00:00', 0, 'MEDIOCAMPISTA', 169, 12),
(512, 'Misael', 'Davila', 'Chile', '1991-07-17 00:00:00', 0, 'MEDIOCAMPISTA', 172, 12),
(513, 'Ariel', 'Martinez', 'Chile', '1994-01-10 00:00:00', 0, 'MEDIOCAMPISTA', 176, 12),
(514, 'Bryan', 'Véjar', 'Chile', '1995-07-14 00:00:00', 0, 'MEDIOCAMPISTA', 170, 12),
(515, 'Jonathan', 'Benítez', 'Argentina', '1991-09-04 00:00:00', 0, 'MEDIOCAMPISTA', 178, 12),
(516, 'Joe', 'Abrigo', 'Chile', '1995-03-22 00:00:00', 0, 'MEDIOCAMPISTA', 169, 12),
(517, 'Nicolás', 'Linares', 'Argentina', '1996-03-04 00:00:00', 0, 'MEDIOCAMPISTA', 175, 12),
(518, 'Pablo', 'Palacio', 'Argentina', '2000-05-18 00:00:00', 0, 'MEDIOCAMPISTA', 179, 12),
(519, 'Felipe', 'Chamorro', 'Chile', '2001-07-30 00:00:00', 0, 'MEDIOCAMPISTA', 187, 12),
(520, 'Nicolás', 'Meza', 'Chile', '2002-04-12 00:00:00', 0, 'MEDIOCAMPISTA', 172, 12),
(521, 'Christian', 'Mansilla', 'Chile', '2006-03-18 00:00:00', 0, 'MEDIOCAMPISTA', 172, 12),
(522, 'Bastián', 'Bravo', 'Chile', '2004-05-29 00:00:00', 0, 'MEDIOCAMPISTA', 0, 12),
(523, 'Francisco', 'Montes', 'Chile', '2004-05-09 00:00:00', 0, 'MEDIOCAMPISTA', 176, 12),
(524, 'Juan', 'Garro', 'Argentina', '1992-11-24 00:00:00', 0, 'DELANTERO', 179, 12),
(525, 'Junior', 'Marabel', 'Paraguay', '1998-03-26 00:00:00', 0, 'DELANTERO', 186, 12),
(526, 'Gonzalo', 'Sosa', 'Argentina', '1989-01-04 00:00:00', 0, 'DELANTERO', 180, 12),
(527, 'Michael', 'Fuentes', 'Chile', '1998-05-27 00:00:00', 0, 'DELANTERO', 178, 12),
(528, 'Benjamín', 'Araneda', 'Chile', '2005-06-22 00:00:00', 0, 'DELANTERO', 174, 12),
(529, 'Matías', 'Jiménez', 'Chile', '2006-10-07 00:00:00', 0, 'DELANTERO', 177, 12),
(530, 'Benjamín', 'Riquelme', 'Chile', '2006-01-03 00:00:00', 0, 'DELANTERO', 171, 12),
(531, 'Alejandro', 'Hales', 'Chile', '2006-03-28 00:00:00', 0, 'DELANTERO', 178, 12),
(532, 'José', 'Palma', 'Chile', '2004-03-19 00:00:00', 0, 'DELANTERO', 183, 12),
(533, 'Nicolás', 'Peranic', 'Argentina', '1985-06-02 00:00:00', 0, 'PORTERO', 183, 13),
(534, 'Diego', 'Carreño', 'Chile', '2002-04-26 00:00:00', 0, 'PORTERO', 189, 13),
(535, 'Martin', 'Quezada', 'Chile', '1998-06-26 00:00:00', 0, 'PORTERO', 0, 13),
(536, 'Juan', 'Fuentes', 'Chile', '1995-03-21 00:00:00', 0, 'DEFENSA', 173, 13),
(537, 'Leonel', 'Mosevich', 'Argentina', '1997-02-04 00:00:00', 0, 'DEFENSA', 187, 13),
(538, 'Juan', 'Ignacio Díaz', 'Argentina', '1998-05-26 00:00:00', 0, 'DEFENSA', 182, 13),
(539, 'Vicente', 'Fernández', 'Chile', '1999-02-17 00:00:00', 0, 'DEFENSA', 179, 13),
(540, 'Pedro', 'Navarro', 'Chile', '2001-03-30 00:00:00', 0, 'DEFENSA', 177, 13),
(541, 'Benjamín', 'Molina', 'Chile', '2006-01-06 00:00:00', 0, 'DEFENSA', 178, 13),
(542, 'Diego', 'Buonanotte', 'Argentina', '1988-04-19 00:00:00', 0, 'MEDIOCAMPISTA', 161, 13),
(543, 'Carlos', 'Auzqui', 'Argentina', '1991-03-16 00:00:00', 0, 'MEDIOCAMPISTA', 174, 13),
(544, 'Bryan', 'Rabello', 'Chile', '1994-05-16 00:00:00', 0, 'MEDIOCAMPISTA', 163, 13),
(545, 'Joaquín', 'Montecinos', 'Colombia', '1995-12-07 00:00:00', 0, 'MEDIOCAMPISTA', 188, 13),
(546, 'Yerko', 'Leiva', 'Chile', '1998-06-14 00:00:00', 0, 'MEDIOCAMPISTA', 168, 13),
(547, 'Brian', 'Torrealba', 'Chile', '1997-07-14 00:00:00', 0, 'MEDIOCAMPISTA', 177, 13),
(548, 'Camilo', 'Moya', 'Chile', '1998-02-19 00:00:00', 0, 'MEDIOCAMPISTA', 169, 13),
(549, 'Martín', 'Sarrafiore', 'Argentina', '1997-07-20 00:00:00', 0, 'MEDIOCAMPISTA', 180, 13),
(550, 'Moises', 'González', 'Chile', '2000-11-22 00:00:00', 0, 'MEDIOCAMPISTA', 179, 13),
(551, 'Cristóbal', 'Castillo', 'Chile', '2003-02-04 00:00:00', 0, 'MEDIOCAMPISTA', 177, 13),
(552, 'Felipe', 'Ogaz', 'Chile', '2003-05-07 00:00:00', 0, 'MEDIOCAMPISTA', 174, 13),
(553, 'Nicolás', 'Matamoros', 'Chile', '2004-02-19 00:00:00', 0, 'MEDIOCAMPISTA', 0, 13),
(554, 'Joaquín', 'Tapia', 'Chile', '2004-12-24 00:00:00', 0, 'MEDIOCAMPISTA', 0, 13),
(555, 'Arnaldo', 'Castillo', 'Paraguay', '1997-05-09 00:00:00', 0, 'DELANTERO', 186, 13),
(556, 'Yorman', 'Zapata', 'Colombia', '2000-09-01 00:00:00', 0, 'DELANTERO', 170, 13),
(557, 'Simón', 'Contreras', 'Chile', '2002-03-29 00:00:00', 0, 'DELANTERO', 174, 13),
(558, 'Esteban', 'Moreira', 'Chile', '2002-02-17 00:00:00', 0, 'DELANTERO', 188, 13),
(559, 'Octavio', 'Bianchi', 'Argentina', '1995-10-05 00:00:00', 0, 'DELANTERO', 187, 13),
(560, 'Esteban', 'Calderón', 'Chile', '2004-02-13 00:00:00', 0, 'DELANTERO', 0, 13),
(561, 'Martín', 'Maturana', 'Chile', '2004-01-18 00:00:00', 0, 'DELANTERO', 180, 13),
(562, 'Nicola', 'Pérez', 'Uruguay', '1990-02-05 00:00:00', 0, 'PORTERO', 180, 14),
(563, 'Diego', 'Tapia', 'Chile', '1995-07-05 00:00:00', 0, 'PORTERO', 186, 14),
(564, 'Celso', 'Castillo', 'Chile', '1998-08-04 00:00:00', 0, 'PORTERO', 184, 14),
(565, 'Guillermo', 'Guajardo', 'Chile', '2002-06-05 00:00:00', 0, 'PORTERO', 183, 14),
(566, 'Claudio', 'Chandia', 'Chile', '2006-11-14 00:00:00', 0, 'PORTERO', 183, 14),
(567, 'Carlos', 'Labrín', 'Chile', '1990-12-02 00:00:00', 0, 'DEFENSA', 181, 14),
(568, 'Rafael', 'Caroca', 'Chile', '1989-07-19 00:00:00', 0, 'DEFENSA', 173, 14),
(569, 'Bernardo', 'Cerezo', 'Chile', '1995-01-21 00:00:00', 0, 'DEFENSA', 177, 14),
(570, 'Sebastián', 'Valencia', 'Chile', '2000-02-13 00:00:00', 0, 'DEFENSA', 178, 14),
(571, 'Cristopher', 'Medina', 'Chile', '2001-02-13 00:00:00', 0, 'DEFENSA', 170, 14),
(572, 'Filipe', 'Yanez', 'Chile', '2004-10-18 00:00:00', 0, 'DEFENSA', 174, 14),
(573, 'Lautaro', 'Pignata', 'Argentina', '2004-12-14 00:00:00', 0, 'DEFENSA', 174, 14),
(574, 'Gabriel', 'Graciani', 'Argentina', '1993-11-28 00:00:00', 0, 'MEDIOCAMPISTA', 180, 14),
(575, 'Osvaldo', 'Bosso', 'Chile', '1993-10-14 00:00:00', 0, 'MEDIOCAMPISTA', 177, 14),
(576, 'Lorenzo', 'Reyes', 'Chile', '1991-06-13 00:00:00', 0, 'MEDIOCAMPISTA', 176, 14),
(577, 'Jovany', 'Campusano', 'Chile', '1993-01-29 00:00:00', 0, 'MEDIOCAMPISTA', 164, 14),
(578, 'Manuel', 'Rivera', 'Chile', '1996-02-17 00:00:00', 0, 'MEDIOCAMPISTA', 176, 14),
(579, 'Iván', 'Rozas', 'Chile', '1998-07-01 00:00:00', 0, 'MEDIOCAMPISTA', 180, 14),
(580, 'Matías', 'Plaza', 'Chile', '2001-02-22 00:00:00', 0, 'MEDIOCAMPISTA', 169, 14),
(581, 'Cristian', 'Meza', 'Chile', '2004-05-21 00:00:00', 0, 'MEDIOCAMPISTA', 170, 14),
(582, 'Alex', 'Valdés', 'Chile', '2002-08-08 00:00:00', 0, 'MEDIOCAMPISTA', 175, 14),
(583, 'Rodrigo', 'Vásquez', 'Chile', '2005-04-09 00:00:00', 0, 'MEDIOCAMPISTA', 171, 14),
(584, 'Lucas', 'Molina', 'Chile', '2006-02-27 00:00:00', 0, 'MEDIOCAMPISTA', 170, 14),
(585, 'Flavio', 'Moya', 'Chile', '2006-01-17 00:00:00', 0, 'MEDIOCAMPISTA', 175, 14),
(586, 'Erick', 'Sepulveda', 'Chile', '2004-02-01 00:00:00', 0, 'MEDIOCAMPISTA', 0, 14),
(587, 'Ismael', 'Sosa', 'Argentina', '1987-01-18 00:00:00', 0, 'DELANTERO', 179, 14),
(588, 'Patricio', 'Rubio', 'Chile', '1989-04-18 00:00:00', 0, 'DELANTERO', 175, 14),
(589, 'Bayron', 'Oyarzo', 'Chile', '1995-07-14 00:00:00', 0, 'DELANTERO', 167, 14),
(590, 'Pedro', 'Sánchez', 'Chile', '1998-02-07 00:00:00', 0, 'DELANTERO', 179, 14),
(591, 'Maximiliano', 'Torrealba', 'Chile', '2002-09-30 00:00:00', 0, 'DELANTERO', 173, 14),
(592, 'Pio', 'Bonacci', 'Argentina', '1998-01-26 00:00:00', 0, 'DELANTERO', 0, 14),
(593, 'Matías', 'Ibáñez', 'Argentina', '1986-12-16 00:00:00', 0, 'PORTERO', 185, 15),
(594, 'Jorge', 'Peña', 'Chile', '2000-07-11 00:00:00', 0, 'PORTERO', 184, 15),
(595, 'Joshua', 'Tapia', 'Chile', '2003-07-18 00:00:00', 0, 'PORTERO', 182, 15),
(596, 'Benjamín', 'Astudillo', 'Chile', '2006-12-27 00:00:00', 0, 'PORTERO', 184, 15),
(597, 'Bruno', 'Romo', 'Chile', '1989-05-20 00:00:00', 0, 'DEFENSA', 185, 15),
(598, 'Ezequiel', 'Parnisari', 'Argentina', '1990-06-01 00:00:00', 0, 'DEFENSA', 180, 15),
(599, 'Nicolás', 'Ferreyra', 'Argentina', '1993-03-30 00:00:00', 0, 'DEFENSA', 193, 15),
(600, 'Raimundo', 'Rebolledo', 'Chile', '1997-05-14 00:00:00', 0, 'DEFENSA', 171, 15),
(601, 'Ariel', 'Cáceres', 'Chile', '1999-11-21 00:00:00', 0, 'DEFENSA', 177, 15),
(602, 'Enzo', 'Ferrario', 'Chile', '2000-03-03 00:00:00', 0, 'DEFENSA', 182, 15),
(603, 'Darko', 'Fiamengo', 'Chile', '2003-02-13 00:00:00', 0, 'DEFENSA', 182, 15),
(604, 'Diego', 'Ulloa', 'Chile', '2003-06-16 00:00:00', 0, 'DEFENSA', 181, 15),
(605, 'Nahuel', 'Brunet', 'Argentina', '2000-07-11 00:00:00', 0, 'DEFENSA', 0, 15),
(606, 'Luciano', 'Arnijas', 'Argentina', '2003-03-20 00:00:00', 0, 'DEFENSA', 191, 15),
(607, 'Ignacio', 'Burgos', 'Chile', '2005-10-26 00:00:00', 0, 'DEFENSA', 177, 15),
(608, 'Matías', 'Villaseca', 'Chile', '2004-03-15 00:00:00', 0, 'DEFENSA', 184, 15),
(609, 'Michael', 'Maturana', 'Chile', '2004-06-20 00:00:00', 0, 'DEFENSA', 180, 15),
(610, 'Pablo', 'Parra', 'Chile', '1994-07-23 00:00:00', 0, 'MEDIOCAMPISTA', 177, 15);
INSERT INTO "public"."Jugador" ("id_jugador", "nombre_jugador", "apellido_jugador", "nacionalidad_jugador", "fechaNac_jugador", "precio_jugador", "posicion_jugador", "estatura_jugador", "clubId") VALUES
(611, 'Esteban', 'Valencia', 'Chile', '1999-08-13 00:00:00', 0, 'MEDIOCAMPISTA', 172, 15),
(612, 'Mauricio', 'Morales', 'Chile', '2000-01-07 00:00:00', 0, 'MEDIOCAMPISTA', 169, 15),
(613, 'Matías', 'Muñoz', 'Argentina', '1996-03-22 00:00:00', 0, 'MEDIOCAMPISTA', 182, 15),
(614, 'Alejandro', 'Henríquez', 'Chile', '2001-06-25 00:00:00', 0, 'MEDIOCAMPISTA', 173, 15),
(615, 'Agustín', 'Álvarez Wallace', 'Uruguay', '2001-04-20 00:00:00', 0, 'MEDIOCAMPISTA', 179, 15),
(616, 'Joaquín', 'Soto', 'Chile', '2007-04-03 00:00:00', 0, 'MEDIOCAMPISTA', 0, 15),
(617, 'Axel', 'Encinas', 'Argentina', '2004-05-24 00:00:00', 0, 'MEDIOCAMPISTA', 165, 15),
(618, 'Sebastián', 'Tapia', 'Chile', '2005-06-06 00:00:00', 0, 'MEDIOCAMPISTA', 169, 15),
(619, 'Emanuel', 'Gigliotti', 'Argentina', '1987-05-20 00:00:00', 0, 'DELANTERO', 186, 15),
(620, 'Franco', 'Soldano', 'Argentina', '1994-09-14 00:00:00', 0, 'DELANTERO', 176, 15),
(621, 'Walter', 'Ponce', 'Chile', '1998-03-04 00:00:00', 0, 'DELANTERO', 183, 15),
(622, 'Matías', 'Cavalleri', 'Chile', '1998-04-08 00:00:00', 0, 'DELANTERO', 167, 15),
(623, 'Joaquín', 'Alvear', 'Chile', '2004-06-29 00:00:00', 0, 'DELANTERO', 170, 15),
(624, 'Matías', 'Ortiz', 'Chile', '2003-09-23 00:00:00', 0, 'DELANTERO', 189, 15),
(625, 'Renato', 'Huerta', 'Chile', '2004-02-17 00:00:00', 0, 'DELANTERO', 169, 15),
(626, 'Fabián', 'Cerda', 'Chile', '1989-02-07 00:00:00', 0, 'PORTERO', 183, 16),
(627, 'Martín', 'Parra', 'Chile', '2000-09-01 00:00:00', 0, 'PORTERO', 186, 16),
(628, 'Christian', 'Bravo', 'Chile', '2006-07-19 00:00:00', 0, 'PORTERO', 189, 16),
(629, 'Sebastián', 'Mella', 'Chile', '2005-07-31 00:00:00', 0, 'PORTERO', 185, 16),
(630, 'Benjamín', 'Gazzolo', 'Chile', '1997-07-14 00:00:00', 0, 'DEFENSA', 181, 16),
(631, 'Imanol', 'González', 'Argentina', '1998-01-06 00:00:00', 0, 'DEFENSA', 182, 16),
(632, 'Antonio', 'Castillo', 'Chile', '1998-11-15 00:00:00', 0, 'DEFENSA', 175, 16),
(633, 'Joaquín', 'Gutierrez', 'Chile', '2002-07-04 00:00:00', 0, 'DEFENSA', 173, 16),
(634, 'Leandro', 'Díaz', 'Chile', '1999-03-16 00:00:00', 0, 'DEFENSA', 172, 16),
(635, 'Renzo', 'Malanca', 'Argentina', '2003-05-06 00:00:00', 0, 'DEFENSA', 186, 16),
(636, 'Sebastián', 'Pino', 'Chile', '2003-01-28 00:00:00', 0, 'DEFENSA', 196, 16),
(637, 'Maximiliano', 'Gutiérrez', 'Chile', '2004-05-03 00:00:00', 0, 'DEFENSA', 183, 16),
(638, 'Lucas', 'Velásquez', 'Chile', '2006-02-02 00:00:00', 0, 'DEFENSA', 171, 16),
(639, 'Dilan', 'Varas', 'Chile', '2005-04-01 00:00:00', 0, 'DEFENSA', 180, 16),
(640, 'Sebastián', 'Valdivieso', 'Chile', '2005-09-24 00:00:00', 0, 'DEFENSA', 170, 16),
(641, 'Benjamín', 'Mellado', 'Chile', '2003-11-15 00:00:00', 0, 'DEFENSA', 182, 16),
(642, 'Claudio', 'Sepúlveda', 'Chile', '1992-06-19 00:00:00', 0, 'MEDIOCAMPISTA', 174, 16),
(643, 'Gonzalo', 'Montes', 'Uruguay', '1994-12-22 00:00:00', 0, 'MEDIOCAMPISTA', 173, 16),
(644, 'Jimmy', 'Martínez', 'Chile', '1997-01-26 00:00:00', 0, 'MEDIOCAMPISTA', 180, 16),
(645, 'Carlos', 'Villanueva', 'Chile', '1999-07-01 00:00:00', 0, 'MEDIOCAMPISTA', 183, 16),
(646, 'Brayan', 'Palmezano', 'Venezuela', '2000-09-17 00:00:00', 0, 'MEDIOCAMPISTA', 164, 16),
(647, 'Manuel', 'Santander', 'Chile', '2004-05-27 00:00:00', 0, 'MEDIOCAMPISTA', 174, 16),
(648, 'Maicol', 'León', 'Chile', '2003-06-09 00:00:00', 0, 'MEDIOCAMPISTA', 177, 16),
(649, 'Martín', 'Velásquez', 'Chile', '2003-03-01 00:00:00', 0, 'MEDIOCAMPISTA', 173, 16),
(650, 'Ignacio', 'Morales', 'Chile', '2004-04-14 00:00:00', 0, 'MEDIOCAMPISTA', 169, 16),
(651, 'Franco', 'Vega', 'Argentina', '2001-09-09 00:00:00', 0, 'MEDIOCAMPISTA', 179, 16),
(652, 'Santiago', 'Silva', 'Uruguay', '2004-08-20 00:00:00', 0, 'MEDIOCAMPISTA', 179, 16),
(653, 'Benjamín', 'Ampuero', 'Chile', '2006-03-05 00:00:00', 0, 'MEDIOCAMPISTA', 175, 16),
(654, 'Benjamín', 'Martínez', 'Chile', '2004-02-25 00:00:00', 0, 'MEDIOCAMPISTA', 177, 16),
(655, 'Matías', 'Saavedra', 'Chile', '2005-08-03 00:00:00', 0, 'MEDIOCAMPISTA', 176, 16),
(656, 'Nicolás', 'Cárcamo', 'Chile', '2005-02-01 00:00:00', 0, 'MEDIOCAMPISTA', 174, 16),
(657, 'Álvaro', 'Abarzúa', 'Chile', '2006-12-12 00:00:00', 0, 'MEDIOCAMPISTA', 175, 16),
(658, 'Sebastián', 'Sáez', 'Argentina', '1985-01-24 00:00:00', 0, 'DELANTERO', 180, 16),
(659, 'Cris', 'Martínez', 'Paraguay', '1991-04-24 00:00:00', 0, 'DELANTERO', 170, 16),
(660, 'Mario', 'Briceño', 'Chile', '1996-06-20 00:00:00', 0, 'DELANTERO', 180, 16),
(661, 'Jeisson', 'Vargas', 'Chile', '1997-09-15 00:00:00', 0, 'DELANTERO', 170, 16),
(662, 'Thiago', 'Vecino', 'Uruguay', '1999-02-25 00:00:00', 0, 'DELANTERO', 184, 16),
(663, 'Julián', 'Brea', 'Argentina', '1999-10-10 00:00:00', 0, 'DELANTERO', 172, 16),
(664, 'Maximiliano', 'Rodríguez', 'Chile', '2000-05-31 00:00:00', 0, 'DELANTERO', 185, 16),
(665, 'Vicente', 'Conelli', 'Chile', '2003-01-07 00:00:00', 0, 'DELANTERO', 180, 16),
(666, 'Jorge', 'Oyarzún', 'Chile', '2003-02-03 00:00:00', 0, 'DELANTERO', 185, 16);

CREATE TABLE IF NOT EXISTS "public"."Partido" (
    "id_partido" SERIAL PRIMARY KEY,
    "fecha_partido" TIMESTAMP NOT NULL,
    "idLocal_partido" INTEGER NOT NULL,
    "idVisita_partido" INTEGER NOT NULL,
    "idArbitro_partido" INTEGER NOT NULL
);

INSERT INTO "public"."Partido" ("id_partido", "fecha_partido", "idLocal_partido", "idVisita_partido", "idArbitro_partido") VALUES
(1, '2024-10-04 20:00:00', 1, 2, 1);
INSERT INTO "public"."Partido" ("id_partido", "fecha_partido", "idLocal_partido", "idVisita_partido", "idArbitro_partido") VALUES
(2, '2024-10-05 12:00:00', 3, 4, 2);
INSERT INTO "public"."Partido" ("id_partido", "fecha_partido", "idLocal_partido", "idVisita_partido", "idArbitro_partido") VALUES
(3, '2024-10-05 15:00:00', 5, 6, 3);
INSERT INTO "public"."Partido" ("id_partido", "fecha_partido", "idLocal_partido", "idVisita_partido", "idArbitro_partido") VALUES
(4, '2024-10-05 18:00:00', 7, 8, 4),
(5, '2024-10-06 13:00:00', 9, 10, 5),
(6, '2024-10-06 16:00:00', 11, 12, 6),
(7, '2024-10-06 19:00:00', 13, 14, 7),
(8, '2024-10-06 21:00:00', 15, 16, 8);